<annotation>
	<folder>my-project-name</folder>
	<filename>IMG_9358.JPG</filename>
	<path>/my-project-name/IMG_9358.JPG</path>
	<source>
		<database>Unspecified</database>
	</source>
	<size>
		<width>4284</width>
		<height>5712</height>
		<depth>3</depth>
	</size>
	<object>
		<name>scooter_sign</name>
		<pose>Unspecified</pose>
		<truncated>0</truncated>
		<difficult>0</difficult>
		<bndbox>
			<xmin>1150</xmin>
			<ymin>666</ymin>
			<xmax>2694</xmax>
			<ymax>5056</ymax>
		</bndbox>
	</object>
</annotation>