<annotation>
	<folder>my-project-name</folder>
	<filename>IMG_9437.JPG</filename>
	<path>/my-project-name/IMG_9437.JPG</path>
	<source>
		<database>Unspecified</database>
	</source>
	<size>
		<width>3024</width>
		<height>4032</height>
		<depth>3</depth>
	</size>
	<object>
		<name>scooter_sign</name>
		<pose>Unspecified</pose>
		<truncated>0</truncated>
		<difficult>0</difficult>
		<bndbox>
			<xmin>550</xmin>
			<ymin>164</ymin>
			<xmax>1827</xmax>
			<ymax>3696</ymax>
		</bndbox>
	</object>
</annotation>