<annotation>
	<folder>my-project-name</folder>
	<filename>IMG_9431.JPG</filename>
	<path>/my-project-name/IMG_9431.JPG</path>
	<source>
		<database>Unspecified</database>
	</source>
	<size>
		<width>3024</width>
		<height>4032</height>
		<depth>3</depth>
	</size>
	<object>
		<name>scooter_sign</name>
		<pose>Unspecified</pose>
		<truncated>0</truncated>
		<difficult>0</difficult>
		<bndbox>
			<xmin>1088</xmin>
			<ymin>717</ymin>
			<xmax>2230</xmax>
			<ymax>3465</ymax>
		</bndbox>
	</object>
</annotation>