<annotation>
	<folder>my-project-name</folder>
	<filename>IMG_9429.JPG</filename>
	<path>/my-project-name/IMG_9429.JPG</path>
	<source>
		<database>Unspecified</database>
	</source>
	<size>
		<width>4284</width>
		<height>5712</height>
		<depth>3</depth>
	</size>
	<object>
		<name>scooter_sign</name>
		<pose>Unspecified</pose>
		<truncated>0</truncated>
		<difficult>0</difficult>
		<bndbox>
			<xmin>1393</xmin>
			<ymin>931</ymin>
			<xmax>3033</xmax>
			<ymax>4972</ymax>
		</bndbox>
	</object>
</annotation>