<?xml version="1.0"?>
<opencv_storage>
<cascade>
  <stageType>BOOST</stageType>
  <featureType>HAAR</featureType>
  <height>24</height>
  <width>24</width>
  <stageParams>
    <boostType>GAB</boostType>
    <minHitRate>9.9500000476837158e-01</minHitRate>
    <maxFalseAlarm>5.0000000000000000e-01</maxFalseAlarm>
    <weightTrimRate>9.4999999999999996e-01</weightTrimRate>
    <maxDepth>1</maxDepth>
    <maxWeakCount>100</maxWeakCount></stageParams>
  <featureParams>
    <maxCatCount>0</maxCatCount>
    <featSize>1</featSize>
    <mode>BASIC</mode></featureParams>
  <stageNum>6</stageNum>
  <stages>
    <!-- stage 0 -->
    <_>
      <maxWeakCount>3</maxWeakCount>
      <stageThreshold>-9.7037535905838013e-01</stageThreshold>
      <weakClassifiers>
        <_>
          <internalNodes>
            0 -1 9 -1.5901161357760429e-02</internalNodes>
          <leafValues>
            9.5789474248886108e-01 -8.9629632234573364e-01</leafValues></_>
        <_>
          <internalNodes>
            0 -1 2 6.9880530238151550e-02</internalNodes>
          <leafValues>
            -7.4595236778259277e-01 7.9013198614120483e-01</leafValues></_>
        <_>
          <internalNodes>
            0 -1 7 -9.8556373268365860e-03</internalNodes>
          <leafValues>
            7.0704716444015503e-01 -8.6421108245849609e-01</leafValues></_></weakClassifiers></_>
    <!-- stage 1 -->
    <_>
      <maxWeakCount>2</maxWeakCount>
      <stageThreshold>-1.4483438432216644e-01</stageThreshold>
      <weakClassifiers>
        <_>
          <internalNodes>
            0 -1 18 -1.7055444419384003e-02</internalNodes>
          <leafValues>
            -9.8039215803146362e-01 5.4687500000000000e-01</leafValues></_>
        <_>
          <internalNodes>
            0 -1 15 -1.9859161227941513e-02</internalNodes>
          <leafValues>
            9.0336406230926514e-01 -6.9170939922332764e-01</leafValues></_></weakClassifiers></_>
    <!-- stage 2 -->
    <_>
      <maxWeakCount>4</maxWeakCount>
      <stageThreshold>-5.7721960544586182e-01</stageThreshold>
      <weakClassifiers>
        <_>
          <internalNodes>
            0 -1 11 6.2552057206630707e-03</internalNodes>
          <leafValues>
            -7.6190477609634399e-01 6.3461536169052124e-01</leafValues></_>
        <_>
          <internalNodes>
            0 -1 13 -4.9556367099285126e-02</internalNodes>
          <leafValues>
            6.3310939073562622e-01 -7.4497032165527344e-01</leafValues></_>
        <_>
          <internalNodes>
            0 -1 0 5.3082662634551525e-03</internalNodes>
          <leafValues>
            -8.0560678243637085e-01 5.4478228092193604e-01</leafValues></_>
        <_>
          <internalNodes>
            0 -1 17 -1.6786624910309911e-03</internalNodes>
          <leafValues>
            3.8487324118614197e-01 -9.3637645244598389e-01</leafValues></_></weakClassifiers></_>
    <!-- stage 3 -->
    <_>
      <maxWeakCount>2</maxWeakCount>
      <stageThreshold>-3.7288424372673035e-01</stageThreshold>
      <weakClassifiers>
        <_>
          <internalNodes>
            0 -1 12 -7.9382926225662231e-02</internalNodes>
          <leafValues>
            -9.5454543828964233e-01 3.8028168678283691e-01</leafValues></_>
        <_>
          <internalNodes>
            0 -1 3 4.8433147370815277e-02</internalNodes>
          <leafValues>
            -6.7993015050888062e-01 5.8166122436523438e-01</leafValues></_></weakClassifiers></_>
    <!-- stage 4 -->
    <_>
      <maxWeakCount>4</maxWeakCount>
      <stageThreshold>-4.8453825712203979e-01</stageThreshold>
      <weakClassifiers>
        <_>
          <internalNodes>
            0 -1 6 -1.7488896846771240e-02</internalNodes>
          <leafValues>
            5.6521737575531006e-01 -8.2608693838119507e-01</leafValues></_>
        <_>
          <internalNodes>
            0 -1 14 1.4740604907274246e-02</internalNodes>
          <leafValues>
            -5.0479841232299805e-01 8.5651171207427979e-01</leafValues></_>
        <_>
          <internalNodes>
            0 -1 1 -1.8436782062053680e-02</internalNodes>
          <leafValues>
            -9.7381520271301270e-01 4.6510720252990723e-01</leafValues></_>
        <_>
          <internalNodes>
            0 -1 4 -2.1908560395240784e-01</internalNodes>
          <leafValues>
            3.8123992085456848e-01 -9.5953226089477539e-01</leafValues></_></weakClassifiers></_>
    <!-- stage 5 -->
    <_>
      <maxWeakCount>4</maxWeakCount>
      <stageThreshold>-8.3807051181793213e-01</stageThreshold>
      <weakClassifiers>
        <_>
          <internalNodes>
            0 -1 8 -9.5543146133422852e-02</internalNodes>
          <leafValues>
            3.1944444775581360e-01 -8.8372093439102173e-01</leafValues></_>
        <_>
          <internalNodes>
            0 -1 5 -1.5224235132336617e-02</internalNodes>
          <leafValues>
            3.9836978912353516e-01 -7.8311836719512939e-01</leafValues></_>
        <_>
          <internalNodes>
            0 -1 10 -1.2895339727401733e-01</internalNodes>
          <leafValues>
            4.0923228859901428e-01 -7.0908778905868530e-01</leafValues></_>
        <_>
          <internalNodes>
            0 -1 16 -9.1801094822585583e-04</internalNodes>
          <leafValues>
            -9.1860151290893555e-01 4.1953647136688232e-01</leafValues></_></weakClassifiers></_></stages>
  <features>
    <_>
      <rects>
        <_>
          0 2 14 1 -1.</_>
        <_>
          7 2 7 1 2.</_></rects>
      <tilted>0</tilted></_>
    <_>
      <rects>
        <_>
          0 13 1 9 -1.</_>
        <_>
          0 16 1 3 2.</_></rects>
      <tilted>0</tilted></_>
    <_>
      <rects>
        <_>
          0 14 12 9 -1.</_>
        <_>
          6 14 6 9 2.</_></rects>
      <tilted>0</tilted></_>
    <_>
      <rects>
        <_>
          0 19 12 4 -1.</_>
        <_>
          6 19 6 4 2.</_></rects>
      <tilted>0</tilted></_>
    <_>
      <rects>
        <_>
          2 8 22 6 -1.</_>
        <_>
          2 10 22 2 2.</_></rects>
      <tilted>0</tilted></_>
    <_>
      <rects>
        <_>
          3 22 15 2 -1.</_>
        <_>
          3 23 15 1 2.</_></rects>
      <tilted>0</tilted></_>
    <_>
      <rects>
        <_>
          3 22 16 2 -1.</_>
        <_>
          3 23 16 1 2.</_></rects>
      <tilted>0</tilted></_>
    <_>
      <rects>
        <_>
          3 22 20 2 -1.</_>
        <_>
          3 23 20 1 2.</_></rects>
      <tilted>0</tilted></_>
    <_>
      <rects>
        <_>
          4 13 16 3 -1.</_>
        <_>
          4 14 16 1 2.</_></rects>
      <tilted>0</tilted></_>
    <_>
      <rects>
        <_>
          4 22 17 2 -1.</_>
        <_>
          4 23 17 1 2.</_></rects>
      <tilted>0</tilted></_>
    <_>
      <rects>
        <_>
          6 0 18 24 -1.</_>
        <_>
          15 0 9 24 2.</_></rects>
      <tilted>0</tilted></_>
    <_>
      <rects>
        <_>
          6 0 13 2 -1.</_>
        <_>
          6 1 13 1 2.</_></rects>
      <tilted>0</tilted></_>
    <_>
      <rects>
        <_>
          9 21 13 3 -1.</_>
        <_>
          9 22 13 1 2.</_></rects>
      <tilted>0</tilted></_>
    <_>
      <rects>
        <_>
          10 17 14 6 -1.</_>
        <_>
          17 17 7 6 2.</_></rects>
      <tilted>0</tilted></_>
    <_>
      <rects>
        <_>
          12 0 8 2 -1.</_>
        <_>
          12 1 8 1 2.</_></rects>
      <tilted>0</tilted></_>
    <_>
      <rects>
        <_>
          12 1 4 8 -1.</_>
        <_>
          12 5 4 4 2.</_></rects>
      <tilted>0</tilted></_>
    <_>
      <rects>
        <_>
          13 9 4 3 -1.</_>
        <_>
          15 9 2 3 2.</_></rects>
      <tilted>0</tilted></_>
    <_>
      <rects>
        <_>
          16 1 8 3 -1.</_>
        <_>
          20 1 4 3 2.</_></rects>
      <tilted>0</tilted></_>
    <_>
      <rects>
        <_>
          20 21 3 3 -1.</_>
        <_>
          20 22 3 1 2.</_></rects>
      <tilted>0</tilted></_></features></cascade>
</opencv_storage>
