<?xml version="1.0"?>
<opencv_storage>
<stage5>
  <maxWeakCount>4</maxWeakCount>
  <stageThreshold>-8.3807051181793213e-01</stageThreshold>
  <weakClassifiers>
    <_>
      <internalNodes>
        0 -1 58467 -9.5543146133422852e-02</internalNodes>
      <leafValues>
        3.1944444775581360e-01 -8.8372093439102173e-01</leafValues></_>
    <_>
      <internalNodes>
        0 -1 49452 -1.5224235132336617e-02</internalNodes>
      <leafValues>
        3.9836978912353516e-01 -7.8311836719512939e-01</leafValues></_>
    <_>
      <internalNodes>
        0 -1 71363 -1.2895339727401733e-01</internalNodes>
      <leafValues>
        4.0923228859901428e-01 -7.0908778905868530e-01</leafValues></_>
    <_>
      <internalNodes>
        0 -1 131574 -9.1801094822585583e-04</internalNodes>
      <leafValues>
        -9.1860151290893555e-01 4.1953647136688232e-01</leafValues></_></weakClassifiers></stage5>
</opencv_storage>
