<?xml version="1.0"?>
<opencv_storage>
<stage1>
  <maxWeakCount>2</maxWeakCount>
  <stageThreshold>-1.4483438432216644e-01</stageThreshold>
  <weakClassifiers>
    <_>
      <internalNodes>
        0 -1 159714 -1.7055444419384003e-02</internalNodes>
      <leafValues>
        -9.8039215803146362e-01 5.4687500000000000e-01</leafValues></_>
    <_>
      <internalNodes>
        0 -1 122137 -1.9859161227941513e-02</internalNodes>
      <leafValues>
        9.0336406230926514e-01 -6.9170939922332764e-01</leafValues></_></weakClassifiers></stage1>
</opencv_storage>
