<?xml version="1.0"?>
<opencv_storage>
<stage2>
  <maxWeakCount>4</maxWeakCount>
  <stageThreshold>-5.7721960544586182e-01</stageThreshold>
  <weakClassifiers>
    <_>
      <internalNodes>
        0 -1 71424 6.2552057206630707e-03</internalNodes>
      <leafValues>
        -7.6190477609634399e-01 6.3461536169052124e-01</leafValues></_>
    <_>
      <internalNodes>
        0 -1 113885 -4.9556367099285126e-02</internalNodes>
      <leafValues>
        6.3310939073562622e-01 -7.4497032165527344e-01</leafValues></_>
    <_>
      <internalNodes>
        0 -1 2566 5.3082662634551525e-03</internalNodes>
      <leafValues>
        -8.0560678243637085e-01 5.4478228092193604e-01</leafValues></_>
    <_>
      <internalNodes>
        0 -1 144598 -1.6786624910309911e-03</internalNodes>
      <leafValues>
        3.8487324118614197e-01 -9.3637645244598389e-01</leafValues></_></weakClassifiers></stage2>
</opencv_storage>
