<?xml version="1.0"?>
<opencv_storage>
<stage0>
  <maxWeakCount>3</maxWeakCount>
  <stageThreshold>-9.7037535905838013e-01</stageThreshold>
  <weakClassifiers>
    <_>
      <internalNodes>
        0 -1 60416 -1.5901161357760429e-02</internalNodes>
      <leafValues>
        9.5789474248886108e-01 -8.9629632234573364e-01</leafValues></_>
    <_>
      <internalNodes>
        0 -1 11226 6.9880530238151550e-02</internalNodes>
      <leafValues>
        -7.4595236778259277e-01 7.9013198614120483e-01</leafValues></_>
    <_>
      <internalNodes>
        0 -1 49457 -9.8556373268365860e-03</internalNodes>
      <leafValues>
        7.0704716444015503e-01 -8.6421108245849609e-01</leafValues></_></weakClassifiers></stage0>
</opencv_storage>
