<?xml version="1.0"?>
<opencv_storage>
<stage3>
  <maxWeakCount>2</maxWeakCount>
  <stageThreshold>-3.7288424372673035e-01</stageThreshold>
  <weakClassifiers>
    <_>
      <internalNodes>
        0 -1 106737 -7.9382926225662231e-02</internalNodes>
      <leafValues>
        -9.5454543828964233e-01 3.8028168678283691e-01</leafValues></_>
    <_>
      <internalNodes>
        0 -1 12890 4.8433147370815277e-02</internalNodes>
      <leafValues>
        -6.7993015050888062e-01 5.8166122436523438e-01</leafValues></_></weakClassifiers></stage3>
</opencv_storage>
