<?xml version="1.0"?>
<opencv_storage>
<stage4>
  <maxWeakCount>4</maxWeakCount>
  <stageThreshold>-4.8453825712203979e-01</stageThreshold>
  <weakClassifiers>
    <_>
      <internalNodes>
        0 -1 49453 -1.7488896846771240e-02</internalNodes>
      <leafValues>
        5.6521737575531006e-01 -8.2608693838119507e-01</leafValues></_>
    <_>
      <internalNodes>
        0 -1 121796 1.4740604907274246e-02</internalNodes>
      <leafValues>
        -5.0479841232299805e-01 8.5651171207427979e-01</leafValues></_>
    <_>
      <internalNodes>
        0 -1 10573 -1.8436782062053680e-02</internalNodes>
      <leafValues>
        -9.7381520271301270e-01 4.6510720252990723e-01</leafValues></_>
    <_>
      <internalNodes>
        0 -1 33192 -2.1908560395240784e-01</internalNodes>
      <leafValues>
        3.8123992085456848e-01 -9.5953226089477539e-01</leafValues></_></weakClassifiers></stage4>
</opencv_storage>
